[
  {
    "value": "poco",
    "synonyms": [
      "poco",
      "poquito",
      "algo",
      "poquitín"
    ]
  },
  {
    "value": "mucho",
    "synonyms": [
      "mucho",
      "bastante",
      "a lo loco",
      "muchísimo"
    ]
  },
  {
    "value": "1",
    "synonyms": [
      "1",
      "uno",
      "un"
    ]
  },
  {
    "value": "2",
    "synonyms": [
      "2",
      "dos"
    ]
  },
  {
    "value": "3",
    "synonyms": [
      "3",
      "tres"
    ]
  },
  {
    "value": "4",
    "synonyms": [
      "4",
      "cuatro"
    ]
  },
  {
    "value": "5",
    "synonyms": [
      "5",
      "cinco"
    ]
  },
  {
    "value": "6",
    "synonyms": [
      "6",
      "seis"
    ]
  },
  {
    "value": "7",
    "synonyms": [
      "7",
      "siete"
    ]
  },
  {
    "value": "8",
    "synonyms": [
      "8",
      "ocho"
    ]
  },
  {
    "value": "9",
    "synonyms": [
      "9",
      "nueve"
    ]
  },
  {
    "value": "10",
    "synonyms": [
      "10",
      "diez"
    ]
  },
  {
    "value": "11",
    "synonyms": [
      "11",
      "once"
    ]
  },
  {
    "value": "12",
    "synonyms": [
      "12",
      "doce"
    ]
  },
  {
    "value": "13",
    "synonyms": [
      "13",
      "trece"
    ]
  },
  {
    "value": "14",
    "synonyms": [
      "catorce",
      "14"
    ]
  },
  {
    "value": "15",
    "synonyms": [
      "15",
      "quince"
    ]
  },
  {
    "value": "16",
    "synonyms": [
      "dieciseis",
      "16"
    ]
  },
  {
    "value": "17",
    "synonyms": [
      "17",
      "diecisiete"
    ]
  },
  {
    "value": "18",
    "synonyms": [
      "18",
      "dieciocho"
    ]
  },
  {
    "value": "19",
    "synonyms": [
      "19",
      "diecinueve"
    ]
  },
  {
    "value": "20",
    "synonyms": [
      "20",
      "veinte"
    ]
  },
  {
    "value": "99",
    "synonyms": [
      "99",
      "noventainueve"
    ]
  }
]