[
  {
    "value": "para",
    "synonyms": [
      "para",
      "parar",
      "salte"
    ]
  },
  {
    "value": "desactiva",
    "synonyms": [
      "desactiva",
      "desactivar"
    ]
  },
  {
    "value": "basta",
    "synonyms": [
      "basta",
      "deja"
    ]
  },
  {
    "value": "detente",
    "synonyms": [
      "detente",
      "detener"
    ]
  },
  {
    "value": "Sal",
    "synonyms": [
      "salte",
      "sal"
    ]
  },
  {
    "value": "no bailes",
    "synonyms": [
      "no bailes"
    ]
  }
]