[
  {
    "value": "freedrive",
    "synonyms": [
      "freedrive",
      "free drive"
    ]
  },
  {
    "value": "libre",
    "synonyms": [
      "libre",
      "movimiento libre",
      "libremente"
    ]
  },
  {
    "value": "moverte",
    "synonyms": [
      "moverte",
      "cambiar"
    ]
  },
  {
    "value": "manual",
    "synonyms": [
      "manual",
      "manualmente"
    ]
  },
  {
    "value": "mueva",
    "synonyms": [
      "mueva"
    ]
  },
  {
    "value": "libremente",
    "synonyms": [
      "libremente"
    ]
  }
]