[
  {
    "value": "izquierda",
    "synonyms": [
      "izquierda",
      "x negativas"
    ]
  },
  {
    "value": "derecha",
    "synonyms": [
      "derecha",
      "al lado",
      "x positivas"
    ]
  },
  {
    "value": "arriba",
    "synonyms": [
      "arriba",
      "encima",
      "sube",
      "subir"
    ]
  },
  {
    "value": "abajo",
    "synonyms": [
      "abajo",
      "debajo",
      "baja"
    ]
  },
  {
    "value": "delante",
    "synonyms": [
      "delante",
      "alante",
      "frente",
      "adelanta",
      "adelante",
      "y positiva"
    ]
  },
  {
    "value": "atrás",
    "synonyms": [
      "atrás",
      "detrás",
      "retrocede",
      "y negativa"
    ]
  }
]