[
  {
    "id": "25157bec-50b8-40da-9b91-713123927c54",
    "data": [
      {
        "text": "esconder ",
        "userDefined": false
      },
      {
        "text": "paredes",
        "meta": "@sys.ignore",
        "userDefined": false
      }
    ],
    "isTemplate": false,
    "count": 0
  },
  {
    "id": "9e60ea01-14b7-40a3-9a96-b90e6a12c95a",
    "data": [
      {
        "text": "ocultar ",
        "userDefined": false
      },
      {
        "text": "paredes",
        "meta": "@sys.ignore",
        "userDefined": false
      }
    ],
    "isTemplate": false,
    "count": 0
  },
  {
    "id": "2c5353e5-1dc0-44d9-96ad-839ccfaba1fd",
    "data": [
      {
        "text": "Deja de visualizar las paredes",
        "userDefined": false
      }
    ],
    "isTemplate": false,
    "count": 0
  },
  {
    "id": "f3e5829e-52de-48e6-9414-38dcd7cb59d2",
    "data": [
      {
        "text": "Deja",
        "meta": "@sys.ignore",
        "userDefined": false
      },
      {
        "text": " de mostrar las ",
        "userDefined": false
      },
      {
        "text": "paredes",
        "meta": "@sys.ignore",
        "userDefined": false
      }
    ],
    "isTemplate": false,
    "count": 0
  },
  {
    "id": "104a8771-1975-441a-bde0-2b4fa8fa493d",
    "data": [
      {
        "text": "No muestres las ",
        "userDefined": false
      },
      {
        "text": "paredes",
        "meta": "@sys.ignore",
        "userDefined": false
      }
    ],
    "isTemplate": false,
    "count": 0
  },
  {
    "id": "419f32f3-8732-4499-a775-902d0272672c",
    "data": [
      {
        "text": "Esconde las ",
        "userDefined": false
      },
      {
        "text": "paredes",
        "meta": "@sys.ignore",
        "userDefined": false
      }
    ],
    "isTemplate": false,
    "count": 0
  }
]