[
  {
    "id": "cc0832ef-6bca-4fd5-ab60-9d50dcc9a38a",
    "data": [
      {
        "text": "mostrar ",
        "userDefined": false
      },
      {
        "text": "paredes",
        "meta": "@sys.ignore",
        "userDefined": false
      }
    ],
    "isTemplate": false,
    "count": 0
  },
  {
    "id": "60dfb0b0-97fa-48ee-8407-263d69c09183",
    "data": [
      {
        "text": "enseña las ",
        "userDefined": false
      },
      {
        "text": "paredes",
        "meta": "@sys.ignore",
        "userDefined": false
      }
    ],
    "isTemplate": false,
    "count": 1
  },
  {
    "id": "4f3a30f0-743a-45f0-a712-8a0768f16951",
    "data": [
      {
        "text": "visualiza las ",
        "userDefined": false
      },
      {
        "text": "paredes",
        "meta": "@sys.ignore",
        "userDefined": false
      }
    ],
    "isTemplate": false,
    "count": 0
  },
  {
    "id": "3ae20424-6d5d-4d0b-83aa-1f9ad44c9103",
    "data": [
      {
        "text": "muestra las ",
        "userDefined": false
      },
      {
        "text": "paredes",
        "meta": "@sys.ignore",
        "userDefined": false
      }
    ],
    "isTemplate": false,
    "count": 0
  }
]