[
  {
    "id": "38e1ea75-4887-43c8-9ea4-eec927537ac7",
    "data": [
      {
        "text": "muestra la temperatura del ",
        "userDefined": false
      },
      {
        "text": "hombro",
        "alias": "robot-joint",
        "meta": "@robot-joint",
        "userDefined": false
      },
      {
        "text": " por favor",
        "userDefined": false
      }
    ],
    "isTemplate": false,
    "count": 0
  },
  {
    "id": "611200f1-740e-4a06-9118-0ad2d7863a2b",
    "data": [
      {
        "text": "la temperatura del ",
        "userDefined": false
      },
      {
        "text": "codo",
        "alias": "robot-joint",
        "meta": "@robot-joint",
        "userDefined": false
      },
      {
        "text": " por favor",
        "userDefined": false
      }
    ],
    "isTemplate": false,
    "count": 0
  },
  {
    "id": "23dcbe88-de94-4b8b-b21d-76f9059ffb00",
    "data": [
      {
        "text": "temperatura de la ",
        "userDefined": false
      },
      {
        "text": "muñeca",
        "alias": "robot-joint",
        "meta": "@robot-joint",
        "userDefined": false
      },
      {
        "text": " por favor",
        "userDefined": false
      }
    ],
    "isTemplate": false,
    "count": 0
  },
  {
    "id": "d851efc6-17e6-435d-ac9b-8f2e3a815d5b",
    "data": [
      {
        "text": "temperatura del ",
        "userDefined": false
      },
      {
        "text": "codo",
        "alias": "robot-joint",
        "meta": "@robot-joint",
        "userDefined": false
      }
    ],
    "isTemplate": false,
    "count": 0
  },
  {
    "id": "a241021f-02c6-4c38-805b-f795c42238da",
    "data": [
      {
        "text": "¿qué temperatura tienen las ",
        "userDefined": false
      },
      {
        "text": "muñecas",
        "alias": "robot-joint",
        "meta": "@robot-joint",
        "userDefined": false
      },
      {
        "text": "?",
        "userDefined": false
      }
    ],
    "isTemplate": false,
    "count": 0
  },
  {
    "id": "f3115524-e0da-4e88-a6e1-38b4d74ae8c4",
    "data": [
      {
        "text": "muestra la temperatura de los ",
        "userDefined": false
      },
      {
        "text": "codos",
        "alias": "robot-joint",
        "meta": "@robot-joint",
        "userDefined": false
      }
    ],
    "isTemplate": false,
    "count": 0
  },
  {
    "id": "ac9ad63c-f091-468b-b1ec-6483dacbcbb4",
    "data": [
      {
        "text": "Muestra la temperatura de la ",
        "userDefined": false
      },
      {
        "text": "base",
        "alias": "robot-joint",
        "meta": "@robot-joint",
        "userDefined": false
      }
    ],
    "isTemplate": false,
    "count": 0
  }
]