[
  {
    "id": "93867a42-b02d-4deb-8b68-ca41b24cd56f",
    "data": [
      {
        "text": "hola",
        "userDefined": false
      }
    ],
    "isTemplate": false,
    "count": 0,
    "updated": 0
  },
  {
    "id": "37d06f44-5ca1-4b92-875c-2da79791e116",
    "data": [
      {
        "text": "hey",
        "userDefined": false
      }
    ],
    "isTemplate": false,
    "count": 0,
    "updated": 0
  },
  {
    "id": "04dec137-d405-4afa-9266-7b53ac9037ac",
    "data": [
      {
        "text": "saludos",
        "userDefined": false
      }
    ],
    "isTemplate": false,
    "count": 0,
    "updated": 0
  },
  {
    "id": "4bbc0144-1ae2-4ec9-a100-eb9b137adde0",
    "data": [
      {
        "text": "hey ho",
        "userDefined": false
      }
    ],
    "isTemplate": false,
    "count": 0,
    "updated": 0
  },
  {
    "id": "7a966366-bf7d-4047-a44b-4b60f108cd6e",
    "data": [
      {
        "text": "chao",
        "userDefined": false
      }
    ],
    "isTemplate": false,
    "count": 0,
    "updated": 0
  }
]