[
  {
    "id": "3138127f-3a9d-46f5-add7-518c810faba5",
    "data": [
      {
        "text": "Espera",
        "alias": "program-wait",
        "meta": "@program-wait",
        "userDefined": true
      },
      {
        "text": " ",
        "userDefined": false
      },
      {
        "text": "un",
        "alias": "number",
        "meta": "@sys.number",
        "userDefined": false
      },
      {
        "text": " segundo",
        "userDefined": false
      }
    ],
    "isTemplate": false,
    "count": 0
  },
  {
    "id": "d62fd6c1-0742-4256-a4c0-bd09910ec51b",
    "data": [
      {
        "text": "Espera",
        "alias": "program-wait",
        "meta": "@program-wait",
        "userDefined": true
      },
      {
        "text": " ",
        "userDefined": false
      },
      {
        "text": "diez",
        "alias": "number",
        "meta": "@sys.number",
        "userDefined": true
      },
      {
        "text": " segundos",
        "userDefined": false
      }
    ],
    "isTemplate": false,
    "count": 0
  }
]