[
  {
    "id": "d8c54808-9b7c-4ec1-8dce-8d7fb9b51805",
    "data": [
      {
        "text": "guarda",
        "meta": "@sys.ignore",
        "userDefined": false
      },
      {
        "text": " el ",
        "userDefined": false
      },
      {
        "text": "programa",
        "meta": "@sys.ignore",
        "userDefined": false
      }
    ],
    "isTemplate": false,
    "count": 0
  },
  {
    "id": "157827c5-17b9-4e2b-93b9-0c6fc655dec6",
    "data": [
      {
        "text": "se ha acabado el ",
        "userDefined": false
      },
      {
        "text": "programa",
        "meta": "@sys.ignore",
        "userDefined": false
      }
    ],
    "isTemplate": false,
    "count": 0
  },
  {
    "id": "3c1a6d18-2988-4ba3-9b0c-5fa8e60765ad",
    "data": [
      {
        "text": "finaliza el ",
        "userDefined": false
      },
      {
        "text": "programa",
        "meta": "@sys.ignore",
        "userDefined": false
      }
    ],
    "isTemplate": false,
    "count": 0
  },
  {
    "id": "9d050fb2-c40e-4f31-8468-d9fe569ce98b",
    "data": [
      {
        "text": "acaba el ",
        "userDefined": false
      },
      {
        "text": "programa",
        "meta": "@sys.ignore",
        "userDefined": false
      }
    ],
    "isTemplate": false,
    "count": 0
  },
  {
    "id": "a8eff6ac-6508-4be2-a7d5-95903563389c",
    "data": [
      {
        "text": "acabo la programación",
        "userDefined": false
      }
    ],
    "isTemplate": false,
    "count": 0
  },
  {
    "id": "1f9896de-e7b3-43fa-9302-5f257c6dff4f",
    "data": [
      {
        "text": "fin del modo programación",
        "userDefined": false
      }
    ],
    "isTemplate": false,
    "count": 0
  },
  {
    "id": "8ed1b854-b752-441d-aed2-7c73b29e07db",
    "data": [
      {
        "text": "termina el modo de programación",
        "userDefined": false
      }
    ],
    "isTemplate": false,
    "count": 0
  },
  {
    "id": "7550c76c-0e94-4782-ba94-7237157c2e0f",
    "data": [
      {
        "text": "acaba la programación",
        "userDefined": false
      }
    ],
    "isTemplate": false,
    "count": 0
  },
  {
    "id": "4dfd9e46-e191-4c59-a295-9d23c9893458",
    "data": [
      {
        "text": "Finalizar modo de programación",
        "userDefined": false
      }
    ],
    "isTemplate": false,
    "count": 0
  },
  {
    "id": "76d97d10-6795-431c-b665-f33028c233b1",
    "data": [
      {
        "text": "no bailes",
        "alias": "robot-stop",
        "meta": "@robot-stop",
        "userDefined": true
      },
      {
        "text": " más",
        "userDefined": false
      }
    ],
    "isTemplate": false,
    "count": 0,
    "updated": 1550232593
  },
  {
    "id": "91b88b45-adf8-464c-8790-c6eadd603d8f",
    "data": [
      {
        "text": "deja",
        "alias": "robot-stop",
        "meta": "@robot-stop",
        "userDefined": true
      },
      {
        "text": " de ",
        "userDefined": false
      },
      {
        "text": "bailar",
        "meta": "@sys.ignore",
        "userDefined": false
      }
    ],
    "isTemplate": false,
    "count": 0,
    "updated": 1550232593
  },
  {
    "id": "966080e2-86c7-47ce-8e72-2e68b84b92d4",
    "data": [
      {
        "text": "salte",
        "alias": "robot-stop",
        "meta": "@robot-stop",
        "userDefined": true
      },
      {
        "text": " del modo ",
        "userDefined": false
      },
      {
        "text": "manual",
        "meta": "@sys.ignore",
        "userDefined": false
      }
    ],
    "isTemplate": false,
    "count": 0,
    "updated": 1550232593
  },
  {
    "id": "cbe7ace1-f2b8-4c4b-95dc-7c29b264a5fa",
    "data": [
      {
        "text": "Sal",
        "alias": "robot-stop",
        "meta": "@robot-stop",
        "userDefined": true
      },
      {
        "text": " del modo ",
        "userDefined": false
      },
      {
        "text": "manual",
        "meta": "@sys.ignore",
        "userDefined": false
      }
    ],
    "isTemplate": false,
    "count": 0,
    "updated": 1550232593
  },
  {
    "id": "a329df26-2a94-42e7-a624-e68f2838e050",
    "data": [
      {
        "text": "Puedes ",
        "userDefined": false
      },
      {
        "text": "parar",
        "alias": "robot-stop",
        "meta": "@robot-stop",
        "userDefined": false
      }
    ],
    "isTemplate": false,
    "count": 0,
    "updated": 1550232593
  },
  {
    "id": "d59f70b8-b110-4530-b798-37f188a1bc22",
    "data": [
      {
        "text": "Puedes ",
        "userDefined": false
      },
      {
        "text": "parar",
        "alias": "robot-stop",
        "meta": "@robot-stop",
        "userDefined": false
      },
      {
        "text": " de ",
        "userDefined": false
      },
      {
        "text": "moverte",
        "meta": "@sys.ignore",
        "userDefined": false
      }
    ],
    "isTemplate": false,
    "count": 0,
    "updated": 1550232593
  },
  {
    "id": "5c5419c9-9267-4ac0-b451-a3c227d7defc",
    "data": [
      {
        "text": "Ya ",
        "userDefined": false
      },
      {
        "text": "basta",
        "alias": "robot-stop",
        "meta": "@robot-stop",
        "userDefined": false
      }
    ],
    "isTemplate": false,
    "count": 1,
    "updated": 1550232457
  },
  {
    "id": "d36e15fd-c055-4817-8217-30ce5a737bf6",
    "data": [
      {
        "text": "Detente",
        "alias": "robot-stop",
        "meta": "@robot-stop",
        "userDefined": true
      }
    ],
    "isTemplate": false,
    "count": 0,
    "updated": 1550232457
  },
  {
    "id": "2e1c2062-1780-4831-ab8e-2d794dc2de18",
    "data": [
      {
        "text": "Para",
        "alias": "robot-stop",
        "meta": "@robot-stop",
        "userDefined": false
      }
    ],
    "isTemplate": false,
    "count": 0,
    "updated": 1550232457
  }
]