[
  {
    "id": "d07e3080-28f3-47b3-a7ac-121c3ad08a2f",
    "data": [
      {
        "text": "Deshabilita la ",
        "userDefined": false
      },
      {
        "text": "ventosa",
        "alias": "robot-endeffector",
        "meta": "@robot-endeffector",
        "userDefined": false
      }
    ],
    "isTemplate": false,
    "count": 0
  },
  {
    "id": "3a15fda9-76d8-44e4-9404-6bea65764124",
    "data": [
      {
        "text": "Desactiva",
        "meta": "@sys.ignore",
        "userDefined": false
      },
      {
        "text": " la ",
        "userDefined": false
      },
      {
        "text": "ventosa",
        "alias": "robot-endeffector",
        "meta": "@robot-endeffector",
        "userDefined": false
      }
    ],
    "isTemplate": false,
    "count": 0
  },
  {
    "id": "e6640fb1-c8ff-44ca-81c7-6bb5b8077e01",
    "data": [
      {
        "text": "Cierra la ",
        "userDefined": false
      },
      {
        "text": "ventosa",
        "alias": "robot-endeffector",
        "meta": "@robot-endeffector",
        "userDefined": false
      }
    ],
    "isTemplate": false,
    "count": 0
  },
  {
    "id": "062ffe0a-af12-48a1-8bbf-72a8df2b353c",
    "data": [
      {
        "text": "Suelta la ",
        "userDefined": false
      },
      {
        "text": "ventosa",
        "alias": "robot-endeffector",
        "meta": "@robot-endeffector",
        "userDefined": false
      }
    ],
    "isTemplate": false,
    "count": 0
  },
  {
    "id": "32f1785d-4dad-44a5-b219-eec7af0cc994",
    "data": [
      {
        "text": "Apaga la ",
        "userDefined": false
      },
      {
        "text": "ventosa",
        "alias": "robot-endeffector",
        "meta": "@robot-endeffector",
        "userDefined": false
      }
    ],
    "isTemplate": false,
    "count": 0
  },
  {
    "id": "c838415a-40ee-44e0-ac9c-3bf7e2420433",
    "data": [
      {
        "text": "Deja",
        "meta": "@sys.ignore",
        "userDefined": false
      },
      {
        "text": " de ",
        "userDefined": false
      },
      {
        "text": "aspirar",
        "alias": "robot-endeffector",
        "meta": "@robot-endeffector",
        "userDefined": false
      }
    ],
    "isTemplate": false,
    "count": 0
  }
]