[
  {
    "id": "d46271d8-37ae-4a13-bbcc-80b350a34302",
    "data": [
      {
        "text": "Hazme alguna ",
        "userDefined": false
      },
      {
        "text": "danza",
        "alias": "robot-dance",
        "meta": "@robot-dance",
        "userDefined": false
      }
    ],
    "isTemplate": false,
    "count": 0,
    "updated": 1549984733
  },
  {
    "id": "9febac3e-d765-441b-ab38-6a683f13b16d",
    "data": [
      {
        "text": "Hazme algún ",
        "userDefined": false
      },
      {
        "text": "baile",
        "alias": "robot-dance",
        "meta": "@robot-dance",
        "userDefined": false
      }
    ],
    "isTemplate": false,
    "count": 0,
    "updated": 1549984733
  },
  {
    "id": "621f353f-a041-4eb0-9fc3-ca68ccb828ed",
    "data": [
      {
        "text": "baila",
        "alias": "robot-dance",
        "meta": "@robot-dance",
        "userDefined": false
      },
      {
        "text": " ",
        "userDefined": false
      },
      {
        "text": "un",
        "meta": "@sys.ignore",
        "userDefined": false
      },
      {
        "text": " ",
        "userDefined": false
      },
      {
        "text": "poco",
        "meta": "@sys.ignore",
        "userDefined": false
      },
      {
        "text": " para mí",
        "userDefined": false
      }
    ],
    "isTemplate": false,
    "count": 0,
    "updated": 1549984733
  },
  {
    "id": "c145c4b8-3d5b-475d-8477-06e5e29b9fb9",
    "data": [
      {
        "text": "hazme ",
        "userDefined": false
      },
      {
        "text": "un",
        "meta": "@sys.ignore",
        "userDefined": false
      },
      {
        "text": " ",
        "userDefined": false
      },
      {
        "text": "baile",
        "alias": "robot-dance",
        "meta": "@robot-dance",
        "userDefined": false
      }
    ],
    "isTemplate": false,
    "count": 0,
    "updated": 1549984733
  },
  {
    "id": "ebff7074-5bcb-45ed-babe-4c4d4c8bb2ba",
    "data": [
      {
        "text": "Quieres ",
        "userDefined": false
      },
      {
        "text": "bailar",
        "alias": "robot-dance",
        "meta": "@robot-dance",
        "userDefined": false
      },
      {
        "text": " conmmigo?",
        "userDefined": false
      }
    ],
    "isTemplate": false,
    "count": 0,
    "updated": 1549984516
  },
  {
    "id": "662b6ddb-8cf8-42af-a70e-a7454b147d29",
    "data": [
      {
        "text": "¿",
        "userDefined": false
      },
      {
        "text": "Bailámos",
        "alias": "robot-dance",
        "meta": "@robot-dance",
        "userDefined": true
      },
      {
        "text": "?",
        "userDefined": false
      }
    ],
    "isTemplate": false,
    "count": 0,
    "updated": 1549984516
  },
  {
    "id": "39583539-573f-4c0e-a7f0-9b929379efec",
    "data": [
      {
        "text": "¿sabes hacer la ",
        "userDefined": false
      },
      {
        "text": "danza",
        "alias": "robot-dance",
        "meta": "@robot-dance",
        "userDefined": false
      },
      {
        "text": " del vientre?",
        "userDefined": false
      }
    ],
    "isTemplate": false,
    "count": 0,
    "updated": 1549984516
  },
  {
    "id": "e004eeba-bb1d-4e0d-b1ec-0b13bc577021",
    "data": [
      {
        "text": "Baila",
        "alias": "robot-dance",
        "meta": "@robot-dance",
        "userDefined": false
      },
      {
        "text": " para mi!",
        "userDefined": false
      }
    ],
    "isTemplate": false,
    "count": 0,
    "updated": 1549900257
  },
  {
    "id": "47c34bfb-fff3-4cde-9dcf-4153c0adc2b5",
    "data": [
      {
        "text": "¿Tienes ",
        "userDefined": false
      },
      {
        "text": "ritmo",
        "alias": "robot-dance",
        "meta": "@robot-dance",
        "userDefined": false
      },
      {
        "text": "?",
        "userDefined": false
      }
    ],
    "isTemplate": false,
    "count": 0,
    "updated": 1549900257
  },
  {
    "id": "962954bb-72b3-44a3-828c-e56a7217f973",
    "data": [
      {
        "text": "¿A ver cómo ",
        "userDefined": false
      },
      {
        "text": "bailas",
        "alias": "robot-dance",
        "meta": "@robot-dance",
        "userDefined": false
      },
      {
        "text": "?",
        "userDefined": false
      }
    ],
    "isTemplate": false,
    "count": 0,
    "updated": 1549900257
  },
  {
    "id": "b7ed4312-8160-448a-9a24-a61781a1b996",
    "data": [
      {
        "text": "A ver ese ",
        "userDefined": false
      },
      {
        "text": "ritmo",
        "alias": "robot-dance",
        "meta": "@robot-dance",
        "userDefined": false
      }
    ],
    "isTemplate": false,
    "count": 0,
    "updated": 1549900257
  },
  {
    "id": "8991f339-83f0-4363-b043-d4088b50842e",
    "data": [
      {
        "text": "Haz ",
        "userDefined": false
      },
      {
        "text": "una",
        "meta": "@sys.ignore",
        "userDefined": false
      },
      {
        "text": " ",
        "userDefined": false
      },
      {
        "text": "danza",
        "alias": "robot-dance",
        "meta": "@robot-dance",
        "userDefined": false
      }
    ],
    "isTemplate": false,
    "count": 0,
    "updated": 1549900257
  },
  {
    "id": "06b48490-cc3f-4f47-8768-597a373f8172",
    "data": [
      {
        "text": "Mueve el ",
        "userDefined": false
      },
      {
        "text": "culo",
        "alias": "robot-dance",
        "meta": "@robot-dance",
        "userDefined": false
      },
      {
        "text": "!",
        "userDefined": false
      }
    ],
    "isTemplate": false,
    "count": 0,
    "updated": 1549900453
  },
  {
    "id": "790d80a5-de88-4a46-b51b-ddad51fe0799",
    "data": [
      {
        "text": "¿Sabes ",
        "userDefined": false
      },
      {
        "text": "hacer un baile",
        "alias": "robot-dance",
        "meta": "@robot-dance",
        "userDefined": false
      },
      {
        "text": "?",
        "userDefined": false
      }
    ],
    "isTemplate": false,
    "count": 0,
    "updated": 1549900257
  },
  {
    "id": "86e5b982-d24e-4c14-b4df-60033d028f16",
    "data": [
      {
        "text": "¿Sabes ",
        "userDefined": false
      },
      {
        "text": "bailar",
        "alias": "robot-dance",
        "meta": "@robot-dance",
        "userDefined": false
      },
      {
        "text": "?",
        "userDefined": false
      }
    ],
    "isTemplate": false,
    "count": 0,
    "updated": 1549900257
  },
  {
    "id": "a84397c0-8bca-4eb1-83fb-4d9993ffa2e7",
    "data": [
      {
        "text": "¿Sabrías ",
        "userDefined": false
      },
      {
        "text": "hacer un baile",
        "alias": "robot-dance",
        "meta": "@robot-dance",
        "userDefined": false
      },
      {
        "text": "?",
        "userDefined": false
      }
    ],
    "isTemplate": false,
    "count": 0,
    "updated": 1549900257
  },
  {
    "id": "ff9596e2-8cfa-4cac-855b-ec3e4aca578c",
    "data": [
      {
        "text": "¿Puedes ",
        "userDefined": false
      },
      {
        "text": "bailar",
        "alias": "robot-dance",
        "meta": "@robot-dance",
        "userDefined": false
      },
      {
        "text": "?",
        "userDefined": false
      }
    ],
    "isTemplate": false,
    "count": 0,
    "updated": 1549900257
  },
  {
    "id": "38f53d8d-4e91-42da-8744-89c22794e2d5",
    "data": [
      {
        "text": "Baila",
        "alias": "robot-dance",
        "meta": "@robot-dance",
        "userDefined": true
      },
      {
        "text": "!",
        "userDefined": false
      }
    ],
    "isTemplate": false,
    "count": 0,
    "updated": 1549900257
  }
]