[
  {
    "id": "2241dbb9-82d9-45e7-adfa-f60148425089",
    "data": [
      {
        "text": "Aspira",
        "alias": "robot-endeffector",
        "meta": "@robot-endeffector",
        "userDefined": true
      }
    ],
    "isTemplate": false,
    "count": 0
  },
  {
    "id": "43e77d9f-00d0-4fbe-a01a-45cbdce03bab",
    "data": [
      {
        "text": "Empieza a ",
        "userDefined": false
      },
      {
        "text": "aspirar",
        "alias": "robot-endeffector",
        "meta": "@robot-endeffector",
        "userDefined": true
      }
    ],
    "isTemplate": false,
    "count": 0
  },
  {
    "id": "e916102e-893a-4456-962a-a119a16e928e",
    "data": [
      {
        "text": "Activa la ",
        "userDefined": false
      },
      {
        "text": "ventosa",
        "alias": "robot-endeffector",
        "meta": "@robot-endeffector",
        "userDefined": false
      }
    ],
    "isTemplate": false,
    "count": 0
  },
  {
    "id": "4007eb2f-6904-4d55-8b53-2aeef6876a03",
    "data": [
      {
        "text": "Enciende la ",
        "userDefined": false
      },
      {
        "text": "ventosa",
        "alias": "robot-endeffector",
        "meta": "@robot-endeffector",
        "userDefined": false
      }
    ],
    "isTemplate": false,
    "count": 0
  },
  {
    "id": "0faa8d8a-cc59-4f6e-b552-c788738c47de",
    "data": [
      {
        "text": "Abre la ",
        "userDefined": false
      },
      {
        "text": "ventosa",
        "alias": "robot-endeffector",
        "meta": "@robot-endeffector",
        "userDefined": false
      }
    ],
    "isTemplate": false,
    "count": 0
  }
]