[
  {
    "id": "7d0c09b1-eb4d-4a21-9c52-3275628c922e",
    "data": [
      {
        "text": "Guarda",
        "alias": "program-save",
        "meta": "@program-save",
        "userDefined": false
      },
      {
        "text": " el ",
        "userDefined": false
      },
      {
        "text": "punto",
        "alias": "movement-list",
        "meta": "@movement-list",
        "userDefined": true
      },
      {
        "text": " actual",
        "userDefined": false
      }
    ],
    "isTemplate": false,
    "count": 0
  },
  {
    "id": "e9b7e32e-b35a-40a0-ac32-cff394b21da9",
    "data": [
      {
        "text": "Guarda",
        "alias": "program-save",
        "meta": "@program-save",
        "userDefined": false
      },
      {
        "text": " esta postura",
        "userDefined": false
      }
    ],
    "isTemplate": false,
    "count": 0
  },
  {
    "id": "05dd33bf-2602-4209-936b-3c6f54237782",
    "data": [
      {
        "text": "Guarda",
        "alias": "program-save",
        "meta": "@program-save",
        "userDefined": false
      },
      {
        "text": " este ",
        "userDefined": false
      },
      {
        "text": "punto",
        "alias": "movement-list",
        "meta": "@movement-list",
        "userDefined": true
      }
    ],
    "isTemplate": false,
    "count": 0
  },
  {
    "id": "2012bddf-9c13-4dd8-9de8-6ae9b8b86966",
    "data": [
      {
        "text": "Guarda",
        "alias": "program-save",
        "meta": "@program-save",
        "userDefined": false
      },
      {
        "text": " el ",
        "userDefined": false
      },
      {
        "text": "punto",
        "alias": "movement-list",
        "meta": "@movement-list",
        "userDefined": true
      }
    ],
    "isTemplate": false,
    "count": 0
  },
  {
    "id": "a1e7f478-d971-4ea3-9017-9a4cca6a5f54",
    "data": [
      {
        "text": "Guarda",
        "alias": "program-save",
        "meta": "@program-save",
        "userDefined": true
      },
      {
        "text": " la ",
        "userDefined": false
      },
      {
        "text": "posición",
        "alias": "movement-list",
        "meta": "@movement-list",
        "userDefined": false
      },
      {
        "text": " actual",
        "userDefined": false
      }
    ],
    "isTemplate": false,
    "count": 0
  },
  {
    "id": "a59a1bc3-ec46-465e-971d-b937be3cd283",
    "data": [
      {
        "text": "Guarda",
        "alias": "program-save",
        "meta": "@program-save",
        "userDefined": true
      },
      {
        "text": " esta ",
        "userDefined": false
      },
      {
        "text": "posición",
        "alias": "movement-list",
        "meta": "@movement-list",
        "userDefined": false
      }
    ],
    "isTemplate": false,
    "count": 0
  }
]