[
  {
    "id": "c22e71ed-ec9b-40e0-a119-8be7b71b666d",
    "data": [
      {
        "text": "Pausar el ",
        "userDefined": false
      },
      {
        "text": "movimiento",
        "meta": "@sys.ignore",
        "userDefined": false
      }
    ],
    "isTemplate": false,
    "count": 0
  },
  {
    "id": "dac02a2b-142a-4b8c-bd33-5ef6a4d50b7f",
    "data": [
      {
        "text": "Pausa",
        "meta": "@sys.ignore",
        "userDefined": false
      },
      {
        "text": " el ",
        "userDefined": false
      },
      {
        "text": "movimiento",
        "meta": "@sys.ignore",
        "userDefined": false
      }
    ],
    "isTemplate": false,
    "count": 0
  },
  {
    "id": "169e9e7c-f991-4054-ab3c-689917f61817",
    "data": [
      {
        "text": "pausar",
        "userDefined": false
      }
    ],
    "isTemplate": false,
    "count": 0
  },
  {
    "id": "8d6b25b6-b714-4060-a1d3-94f060606ed0",
    "data": [
      {
        "text": "pausa",
        "userDefined": false
      }
    ],
    "isTemplate": false,
    "count": 0
  },
  {
    "id": "b376d365-8630-4f23-87ea-395aa154a25e",
    "data": [
      {
        "text": "pausa el programa",
        "userDefined": false
      }
    ],
    "isTemplate": false,
    "count": 0
  }
]