[
  {
    "id": "ae4f7ea8-09fd-451c-8ed9-d2c660f1386d",
    "data": [
      {
        "text": "hola",
        "userDefined": false
      }
    ],
    "isTemplate": false,
    "count": 0,
    "updated": 0
  },
  {
    "id": "4e3a198e-ccf7-4c12-8bcd-5e4f8abe79b8",
    "data": [
      {
        "text": "hey",
        "userDefined": false
      }
    ],
    "isTemplate": false,
    "count": 0,
    "updated": 0
  },
  {
    "id": "a822b45f-7480-4feb-ba9a-07cccba24a51",
    "data": [
      {
        "text": "saludos",
        "userDefined": false
      }
    ],
    "isTemplate": false,
    "count": 0,
    "updated": 0
  },
  {
    "id": "7d3c1965-13ee-4616-876f-a5ac4f248919",
    "data": [
      {
        "text": "hey ho",
        "userDefined": false
      }
    ],
    "isTemplate": false,
    "count": 0,
    "updated": 0
  },
  {
    "id": "62d21b74-3165-4b8f-b554-ab6b2ae08d8c",
    "data": [
      {
        "text": "chao",
        "userDefined": false
      }
    ],
    "isTemplate": false,
    "count": 0,
    "updated": 0
  }
]