[
  {
    "id": "4cf5b8ed-8041-48ab-a88a-ff634ceffbcd",
    "data": [
      {
        "text": "hasta la ",
        "userDefined": false
      },
      {
        "text": "próxima",
        "alias": "robot-goodbye",
        "meta": "@robot-goodbye",
        "userDefined": true
      }
    ],
    "isTemplate": false,
    "count": 0,
    "updated": 1550248366
  },
  {
    "id": "5ac62067-7b91-47a2-9b1b-0da30d23e5bc",
    "data": [
      {
        "text": "nos vemos",
        "alias": "robot-goodbye",
        "meta": "@robot-goodbye",
        "userDefined": false
      },
      {
        "text": " pronto",
        "userDefined": false
      }
    ],
    "isTemplate": false,
    "count": 0,
    "updated": 1550248366
  },
  {
    "id": "86e603d0-08b1-4d4e-b441-36a667ab74b9",
    "data": [
      {
        "text": "que vaya bien",
        "alias": "robot-goodbye",
        "meta": "@robot-goodbye",
        "userDefined": false
      }
    ],
    "isTemplate": false,
    "count": 0,
    "updated": 1550248366
  },
  {
    "id": "3fed06f5-9b53-4d94-9055-5d2e33177ea0",
    "data": [
      {
        "text": "adiós",
        "alias": "robot-goodbye",
        "meta": "@robot-goodbye",
        "userDefined": false
      }
    ],
    "isTemplate": false,
    "count": 0,
    "updated": 1550248366
  }
]