[
  {
    "id": "fce332e3-c0e7-4f32-9017-31adf37d79f3",
    "data": [
      {
        "text": "sigue",
        "meta": "@sys.ignore",
        "userDefined": false
      },
      {
        "text": " el ",
        "userDefined": false
      },
      {
        "text": "movimiento",
        "meta": "@sys.ignore",
        "userDefined": false
      }
    ],
    "isTemplate": false,
    "count": 0
  },
  {
    "id": "c64486ab-f761-41e3-964b-d0e5254fb563",
    "data": [
      {
        "text": "sigue",
        "meta": "@sys.ignore",
        "userDefined": false
      },
      {
        "text": " con el ",
        "userDefined": false
      },
      {
        "text": "programa",
        "meta": "@sys.ignore",
        "userDefined": false
      }
    ],
    "isTemplate": false,
    "count": 0
  },
  {
    "id": "be3b928d-10f4-4842-96fd-6d022270d711",
    "data": [
      {
        "text": "continua",
        "meta": "@sys.ignore",
        "userDefined": false
      },
      {
        "text": " el ",
        "userDefined": false
      },
      {
        "text": "movimiento",
        "meta": "@sys.ignore",
        "userDefined": false
      }
    ],
    "isTemplate": false,
    "count": 0
  },
  {
    "id": "8927a145-239d-4181-8904-89dc8b121249",
    "data": [
      {
        "text": "continua",
        "meta": "@sys.ignore",
        "userDefined": false
      },
      {
        "text": " el ",
        "userDefined": false
      },
      {
        "text": "programa",
        "meta": "@sys.ignore",
        "userDefined": false
      }
    ],
    "isTemplate": false,
    "count": 0
  },
  {
    "id": "baca3ebe-d116-46b2-97f2-3e1387f145f8",
    "data": [
      {
        "text": "sigue",
        "meta": "@sys.ignore",
        "userDefined": false
      }
    ],
    "isTemplate": false,
    "count": 0
  },
  {
    "id": "8ed785ff-a2bc-4595-8c01-7b1d8c13405a",
    "data": [
      {
        "text": "continua",
        "meta": "@sys.ignore",
        "userDefined": false
      }
    ],
    "isTemplate": false,
    "count": 0
  }
]