[
  {
    "id": "87d91031-f4ef-4579-959c-f89def159763",
    "data": [
      {
        "text": "¿cuál era tu ",
        "userDefined": false
      },
      {
        "text": "nombre",
        "meta": "@sys.ignore",
        "userDefined": true
      },
      {
        "text": "?",
        "userDefined": false
      }
    ],
    "isTemplate": false,
    "count": 0,
    "updated": 1549981680
  },
  {
    "id": "6d80774a-31dc-46c6-84c8-b3268b162b96",
    "data": [
      {
        "text": "¿cómo ",
        "userDefined": false
      },
      {
        "text": "te llamabas",
        "meta": "@sys.ignore",
        "userDefined": true
      },
      {
        "text": "?",
        "userDefined": false
      }
    ],
    "isTemplate": false,
    "count": 0,
    "updated": 1549981680
  },
  {
    "id": "0f7de863-850e-4dfc-9714-50a349feea18",
    "data": [
      {
        "text": "¿cuál es tu ",
        "userDefined": false
      },
      {
        "text": "nombre",
        "meta": "@sys.ignore",
        "userDefined": true
      },
      {
        "text": "?",
        "userDefined": false
      }
    ],
    "isTemplate": false,
    "count": 0,
    "updated": 1549981680
  },
  {
    "id": "91262808-b7e1-4d2f-969d-bdd0cbfe0cd6",
    "data": [
      {
        "text": "Dime tu ",
        "userDefined": false
      },
      {
        "text": "nombre",
        "meta": "@sys.ignore",
        "userDefined": true
      }
    ],
    "isTemplate": false,
    "count": 0,
    "updated": 1549981680
  },
  {
    "id": "3e23b587-87db-446d-9c75-0c494389533b",
    "data": [
      {
        "text": "¿cómo ",
        "userDefined": false
      },
      {
        "text": "te llamas",
        "meta": "@sys.ignore",
        "userDefined": true
      },
      {
        "text": "?",
        "userDefined": false
      }
    ],
    "isTemplate": false,
    "count": 0,
    "updated": 1549981680
  },
  {
    "id": "236d7475-14c8-42ac-bf2e-d505bfc024bd",
    "data": [
      {
        "text": "¿qué ",
        "userDefined": false
      },
      {
        "text": "nombre",
        "meta": "@sys.ignore",
        "userDefined": true
      },
      {
        "text": " tienes?",
        "userDefined": false
      }
    ],
    "isTemplate": false,
    "count": 0,
    "updated": 1549981680
  }
]