[
  {
    "id": "431b8593-c199-4c02-ba27-f03737c246b7",
    "data": [
      {
        "text": "dime la fecha de ",
        "userDefined": false
      },
      {
        "text": "hoy",
        "meta": "@sys.ignore",
        "userDefined": false
      }
    ],
    "isTemplate": false,
    "count": 0
  },
  {
    "id": "e39f9bd0-67b4-4273-946e-d89ba5188693",
    "data": [
      {
        "text": "muéstrame la fecha",
        "userDefined": false
      }
    ],
    "isTemplate": false,
    "count": 0
  },
  {
    "id": "d5db9bbb-080a-46ba-af12-efc535fd6a8e",
    "data": [
      {
        "text": "dime qué día es",
        "userDefined": false
      }
    ],
    "isTemplate": false,
    "count": 0
  },
  {
    "id": "11b90f3e-2ac0-4846-a7ab-984d87c90e27",
    "data": [
      {
        "text": "dime que día es ",
        "userDefined": false
      },
      {
        "text": "hoy",
        "meta": "@sys.ignore",
        "userDefined": false
      }
    ],
    "isTemplate": false,
    "count": 0
  },
  {
    "id": "e5e27f10-dd80-4141-a6b7-0a23f4f3f46d",
    "data": [
      {
        "text": "¿qué día es?",
        "userDefined": false
      }
    ],
    "isTemplate": false,
    "count": 1
  },
  {
    "id": "06cc27c2-bf08-4e32-b033-28b43e7880f0",
    "data": [
      {
        "text": "¿en qué día estamos?",
        "userDefined": false
      }
    ],
    "isTemplate": false,
    "count": 0
  },
  {
    "id": "14161fda-bc40-4c08-b00c-0c2ffb96ee10",
    "data": [
      {
        "text": "¿qué día es ",
        "userDefined": false
      },
      {
        "text": "hoy",
        "meta": "@sys.ignore",
        "userDefined": false
      },
      {
        "text": "?",
        "userDefined": false
      }
    ],
    "isTemplate": false,
    "count": 0
  }
]