[
  {
    "id": "b2b4ddf4-c598-4e54-9b2c-1000fd311988",
    "data": [
      {
        "text": "Robot",
        "alias": "Robot",
        "meta": "@Robot",
        "userDefined": false
      },
      {
        "text": ", qué me ",
        "userDefined": false
      },
      {
        "text": "explicas",
        "alias": "JokeStories",
        "meta": "@JokeStories",
        "userDefined": true
      },
      {
        "text": " ?",
        "userDefined": false
      }
    ],
    "isTemplate": false,
    "count": 0
  },
  {
    "id": "08e9f754-4728-46f7-946f-2116598cb362",
    "data": [
      {
        "text": "Robot",
        "alias": "Robot",
        "meta": "@Robot",
        "userDefined": true
      },
      {
        "text": " te sabes algun ",
        "userDefined": false
      },
      {
        "text": "chiste",
        "alias": "Jokes",
        "meta": "@Jokes",
        "userDefined": true
      },
      {
        "text": "?",
        "userDefined": false
      }
    ],
    "isTemplate": false,
    "count": 0
  },
  {
    "id": "35dd0289-627c-4168-8bb6-96651f9e0b90",
    "data": [
      {
        "text": "Hey ",
        "userDefined": false
      },
      {
        "text": "Robot",
        "alias": "Robot",
        "meta": "@Robot",
        "userDefined": true
      },
      {
        "text": " cuentame un ",
        "userDefined": false
      },
      {
        "text": "chiste",
        "alias": "Jokes",
        "meta": "@Jokes",
        "userDefined": true
      }
    ],
    "isTemplate": false,
    "count": 0
  },
  {
    "id": "1457e136-262c-48a9-8983-87d46f6fba7b",
    "data": [
      {
        "text": "Hola ",
        "userDefined": false
      },
      {
        "text": "Robot",
        "alias": "Robot",
        "meta": "@Robot",
        "userDefined": true
      },
      {
        "text": " cómo estás?",
        "userDefined": false
      }
    ],
    "isTemplate": false,
    "count": 0
  },
  {
    "id": "27196a2a-92f2-46cb-a091-55dbaf754975",
    "data": [
      {
        "text": "Hola ",
        "userDefined": false
      },
      {
        "text": "Robot",
        "alias": "Robot",
        "meta": "@Robot",
        "userDefined": true
      },
      {
        "text": ", qué me ",
        "userDefined": false
      },
      {
        "text": "cuentas",
        "alias": "JokeStories",
        "meta": "@JokeStories",
        "userDefined": true
      },
      {
        "text": "?",
        "userDefined": false
      }
    ],
    "isTemplate": false,
    "count": 0
  },
  {
    "id": "8e32ad88-b208-47bd-9fb7-cad69504fd8f",
    "data": [
      {
        "text": "Hola ",
        "userDefined": false
      },
      {
        "text": "Robot",
        "alias": "Robot",
        "meta": "@Robot",
        "userDefined": true
      },
      {
        "text": " cómo te encuentras?",
        "userDefined": false
      }
    ],
    "isTemplate": false,
    "count": 0
  }
]