[
  {
    "id": "6f385d7c-ef92-4b1c-b1f2-fdb2e26bb3f4",
    "data": [
      {
        "text": "dime dónde estamos",
        "userDefined": false
      }
    ],
    "isTemplate": false,
    "count": 0
  },
  {
    "id": "04362ee3-1fa6-439c-a7ff-8b365ac365c1",
    "data": [
      {
        "text": "¿me puedes decir dónde estamos?",
        "userDefined": false
      }
    ],
    "isTemplate": false,
    "count": 0
  },
  {
    "id": "747c0434-f3ea-4924-a536-9e3f5ee5f46f",
    "data": [
      {
        "text": "¿dónde nos encontramos?",
        "userDefined": false
      }
    ],
    "isTemplate": false,
    "count": 0
  },
  {
    "id": "724b0afc-6468-4323-975c-6a5506f25319",
    "data": [
      {
        "text": "¿dónde estamos?",
        "userDefined": false
      }
    ],
    "isTemplate": false,
    "count": 0
  }
]